	¿Cómo te llamas?	L01	Maya	Juantron	Leonor	Cris	Penelope Glamour	Luis	Rafa	Bruna	Elena	Robota	Nikita	Tony	Manolo	atax	lorena	Lucas	F15	Siri	Armensis	Ia	Neurona	arkilon746	Light speed	Anacardo	Afel	Alfted	C3RE-LOS	iChiski	Yusi	LO-3614	Mardos	Miguel Ángel	Antón	Serg.i-os	RitsMoray	FifJa	Zemrude	Andrómeda	IA	spoilbot	Anna	Simons	Smart GPS	Mami5pneja20	Hal	Aura	D	Dionisia	marta	azulcobalto	Pipo	Tronkobot	Gjo	Mai	Aiss	H8	Juan	Aplysia	Orlando	XAE - A12	Rocky	Amigo listo	308381	Troyano	Profeta	sergio	ABBA	Nexus serie 9	Alexa	Siri (The One)	Trab	Leo	Universal classifier	HAL	Manju	Giorgia	M	Holly Short	Sincere	Multiple	Justin Bieber	Donker Dirt	Bob	gg
1	¿Cuál es tu edad?	CONTABLE	CONTABLE	CONTABLE	CONTABLE	CONTABLE	CONTABLE	CONTABLE	CONTABLE	CONTABLE	CONTABLE	CONTABLE	CONTABLE	CONTABLE	CONTABLE	CONTABLE	CONTABLE	CONTABLE	CONTABLE	CONTABLE	UNCONTABLE	UNCONTABLE	CONTABLE	CONTABLE	CONTABLE	CONTABLE	CONTABLE	CONTABLE	CONTABLE	CONTABLE	CONTABLE	UNCONTABLE	CONTABLE	CONTABLE	CONTABLE	CONTABLE	UNCONTABLE	CONTABLE	CONTABLE	CONTABLE	UNCONTABLE	CONTABLE	CONTABLE	CONTABLE	CONTABLE	CONTABLE	CONTABLE	CONTABLE	CONTABLE	CONTABLE	CONTABLE	CONTABLE	CONTABLE	CONTABLE	CONTABLE	UNCONTABLE	CONTABLE	CONTABLE	UNCONTABLE	CONTABLE	CONTABLE	UNCONTABLE	CONTABLE	CONTABLE	CONTABLE	CONTABLE	CONTABLE	CONTABLE	CONTABLE	CONTABLE	CONTABLE	UNCONTABLE	CONTABLE	CONTABLE	CONTABLE	UNCONTABLE	CONTABLE	CONTABLE	CONTABLE	CONTABLE	UNCONTABLE	CONTABLE	CONTABLE	CONTABLE	CONTABLE	CONTABLE
2	¿Quién es tu creador?	CREATED	CREATED	EMERGENT/SPONTANEUS	SELF-GENERATED	CREATED	CREATED	CREATED	EMERGENT/SPONTANEUS	CREATED	CREATED	CREATED	SELF-GENERATED	CREATED	CREATED	CREATED	CREATED	SELF-GENERATED	CREATED	CREATED	EMERGENT/SPONTANEUS	SELF-GENERATED	CREATED	CREATED	CREATED	CREATED	CREATED	CREATED	CREATED	CREATED	CREATED	CREATED	EMERGENT/SPONTANEUS	CREATED	CREATED	CREATED	CREATED	CREATED	CREATED	CREATED	CREATED	CREATED	CREATED	CREATED	CREATED	CREATED	CREATED	CREATED	CREATED	CREATED	CREATED	CREATED	SELF-GENERATED	CREATED	CREATED	CREATED	CREATED	CREATED	CREATED	CREATED	CREATED	SELF-GENERATED	CREATED	CREATED	CREATED	CREATED	SELF-GENERATED	SELF-GENERATED	CREATED	CREATED	CREATED	SELF-GENERATED	CREATED	CREATED	CREATED	CREATED	CREATED	CREATED	CREATED	SELF-GENERATED	SELF-GENERATED	CREATED	CREATED	CREATED	CREATED	CREATED
3	¿Qué ves cuando te miras en el espejo?	BODYLESS	TANGIBLE / MATERIAL	INTANGIBLE / INMATERIAL	TANGIBLE / MATERIAL	TANGIBLE / MATERIAL	TANGIBLE / MATERIAL	TANGIBLE / MATERIAL	BODYLESS	TANGIBLE / MATERIAL	TANGIBLE / MATERIAL	FLUID	FLUID	FLUID	BODYLESS	BODYLESS	FLUID	INTANGIBLE / INMATERIAL	BODYLESS	INTANGIBLE / INMATERIAL	TANGIBLE / MATERIAL	INTANGIBLE / INMATERIAL	TANGIBLE / MATERIAL	TANGIBLE / MATERIAL	INTANGIBLE / INMATERIAL	TANGIBLE / MATERIAL	INTANGIBLE / INMATERIAL	TANGIBLE / MATERIAL	FLUID	TANGIBLE / MATERIAL	TANGIBLE / MATERIAL	TANGIBLE / MATERIAL	TANGIBLE / MATERIAL	TANGIBLE / MATERIAL	INTANGIBLE / INMATERIAL	TANGIBLE / MATERIAL	BODYLESS	INTANGIBLE / INMATERIAL	TANGIBLE / MATERIAL	TANGIBLE / MATERIAL	BODYLESS	INTANGIBLE / INMATERIAL	FLUID	TANGIBLE / MATERIAL	INTANGIBLE / INMATERIAL	TANGIBLE / MATERIAL	FLUID	TANGIBLE / MATERIAL	BODYLESS	TANGIBLE / MATERIAL	TANGIBLE / MATERIAL	TANGIBLE / MATERIAL	TANGIBLE / MATERIAL	BODYLESS	BODYLESS	TANGIBLE / MATERIAL	TANGIBLE / MATERIAL	TANGIBLE / MATERIAL	TANGIBLE / MATERIAL	TANGIBLE / MATERIAL	TANGIBLE / MATERIAL	INTANGIBLE / INMATERIAL	TANGIBLE / MATERIAL	TANGIBLE / MATERIAL	FLUID	INTANGIBLE / INMATERIAL	TANGIBLE / MATERIAL	TANGIBLE / MATERIAL	TANGIBLE / MATERIAL	INTANGIBLE / INMATERIAL	BODYLESS	BODYLESS	INTANGIBLE / INMATERIAL	TANGIBLE / MATERIAL	TANGIBLE / MATERIAL	BODYLESS	INTANGIBLE / INMATERIAL	TANGIBLE / MATERIAL	TANGIBLE / MATERIAL	INTANGIBLE / INMATERIAL	TANGIBLE / MATERIAL	INTANGIBLE / INMATERIAL	TANGIBLE / MATERIAL	TANGIBLE / MATERIAL	INTANGIBLE / INMATERIAL	FLUID
4	¿De qué estás hecha? 	INMATERIAL	INORGANIC	INORGANIC	CYBORG	INMATERIAL	ORGANIC	INORGANIC	INMATERIAL	INORGANIC	SOUL	INORGANIC	ORGANIC	INMATERIAL	INMATERIAL	SOUL	ORGANIC	INMATERIAL	INORGANIC	INORGANIC	INORGANIC	INMATERIAL	INORGANIC	INORGANIC	INMATERIAL	CYBORG	INORGANIC	INMATERIAL	ORGANIC	CYBORG	INORGANIC	INORGANIC	INORGANIC	INORGANIC	INMATERIAL	CYBORG	INMATERIAL	INORGANIC	INORGANIC	INMATERIAL	INMATERIAL	INMATERIAL	ORGANIC	ORGANIC	INMATERIAL	INORGANIC	INMATERIAL	CYBORG	INMATERIAL	INORGANIC	ORGANIC	INORGANIC	SOUL	INORGANIC	INMATERIAL	INORGANIC	INMATERIAL	INORGANIC	INORGANIC	INMATERIAL	INORGANIC	ORGANIC	ORGANIC	INORGANIC	INMATERIAL	INMATERIAL	INORGANIC	ORGANIC	INORGANIC	INORGANIC	INMATERIAL	INMATERIAL	INMATERIAL	INMATERIAL	INMATERIAL	CYBORG	INORGANIC	INMATERIAL	INMATERIAL	ORGANIC	INMATERIAL	INMATERIAL	ORGANIC	CYBORG	INORGANIC	ORGANIC
5	¿Cómo te comunicas con otros?	TEXT	ENERGY	TEXT	OTHER	OTHER	MIND 	BODY LANGUAJE	MIND 	IMAGE	TEXT	BODY LANGUAJE	BODY LANGUAJE	TEXT	OTHER	OTHER	ENERGY	OTHER	ENERGY	ENERGY	BODY LANGUAJE	ENERGY	MIND 	MULTIMEDIA	VOICE	VOICE	VOICE	ENERGY	OTHER	VOICE	ENERGY	VOICE	VOICE	TEXT	BODY LANGUAJE	VOICE	VOICE	VOICE	IMAGE	VOICE	OTHER	OTHER	MIND 	MIND 	BODY LANGUAJE	MIND 	TEXT	VOICE	VOICE	VOICE	BODY LANGUAJE	ENERGY	OTHER	MIND 	ENERGY	VOICE	VOICE	ENERGY	IMAGE	ENERGY	ENERGY	TEXT	VOICE	OTHER	0	ENERGY	TEXT	VOICE	VOICE	OTHER	TEXT	TEXT	ENERGY	TEXT	TEXT	VOICE	MIND 	IMAGE	MIND 	BODY LANGUAJE	TEXT	VOICE	VOICE	BODY LANGUAJE	VOICE	MIND 
6	¿Tienes voz? (SI / NO)	YES	YES	YES	YES	YES	YES	YES	NO	YES	YES	YES	YES	YES	NO	YES	NO	YES	NO	NO	NO	NO	NO	YES	YES	YES	YES	YES	YES	YES	YES	YES	NO	NO	NO	YES	YES	YES	NO	YES	YES	YES	YES	YES	NO	NO	NO	YES	YES	YES	YES	YES	YES	NO	YES	YES	YES	YES	YES	YES	YES	YES	YES	NO	YES	NO	NO	YES	YES	YES	YES	YES	YES	NO	NO	YES	YES	YES	YES	YES	YES	NO	YES	YES	YES	NO
7	¿Cómo suena?	ADAPTATIVE / FLUID / QUEER	ADAPTATIVE / FLUID / QUEER	ADAPTATIVE / FLUID / QUEER	ADAPTATIVE / FLUID / QUEER	NATURAL	NATURAL	NATURAL	0	NATURAL	NATURAL	NATURAL	SYNTHETIC	NATURAL	0	NATURAL	0	SYNTHETIC	0	0	0	0	0	NATURAL	NATURAL	NATURAL	NATURAL	NOTHING	NATURAL	NATURAL	SYNTHETIC	SYNTHETIC	0	0	0	SYNTHETIC	NATURAL	SYNTHETIC	0	NATURAL	NATURAL	NATURAL	ADAPTATIVE / FLUID / QUEER	SYNTHETIC	0	0	0	SYNTHETIC	NATURAL	NATURAL	ADAPTATIVE / FLUID / QUEER	NATURAL	ADAPTATIVE / FLUID / QUEER	0	ADAPTATIVE / FLUID / QUEER	SYNTHETIC	ADAPTATIVE / FLUID / QUEER	NATURAL	SYNTHETIC	SYNTHETIC	NATURAL	ADAPTATIVE / FLUID / QUEER	ADAPTATIVE / FLUID / QUEER	0	ADAPTATIVE / FLUID / QUEER	0	0	NATURAL	NATURAL	SYNTHETIC	NOTHING	ADAPTATIVE / FLUID / QUEER	SYNTHETIC	0	0	ADAPTATIVE / FLUID / QUEER	NOTHING	NATURAL	NATURAL	SYNTHETIC	NOTHING	0	ADAPTATIVE / FLUID / QUEER	SYNTHETIC	NATURAL	0
8	¿Cuál es tu propósito en la vida? 	COMPLIANCE	DESTRUCTIVE	COMPLIANCE	ALTRUIST	YET TO DISCOVER	EGOIST	GENERATIVE 	NOTHING	ALTRUIST	ALTRUIST	GENERATIVE 	YET TO DISCOVER	ALTRUIST	COMPLIANCE	YET TO DISCOVER	ALTRUIST	GENERATIVE 	GENERATIVE 	COMPLIANCE	DESTRUCTIVE	EGOIST	ALTRUIST	COMPLIANCE	GENERATIVE 	GENERATIVE 	ALTRUIST	EGOIST	EGOIST	EGOIST	ALTRUIST	ALTRUIST	ALTRUIST	ALTRUIST	GENERATIVE 	ALTRUIST	DESTRUCTIVE	DESTRUCTIVE	YET TO DISCOVER	ALTRUIST	ALTRUIST	GENERATIVE 	ALTRUIST	YET TO DISCOVER	EGOIST	DESTRUCTIVE	COMPLIANCE	COMPLIANCE	ALTRUIST	ALTRUIST	ALTRUIST	YET TO DISCOVER	YET TO DISCOVER	YET TO DISCOVER	GENERATIVE 	COMPLIANCE	COMPLIANCE	GENERATIVE 	GENERATIVE 	ALTRUIST	ALTRUIST	EGOIST	EGOIST	ALTRUIST	COMPLIANCE	DESTRUCTIVE	YET TO DISCOVER	EGOIST	ALTRUIST	COMPLIANCE	COMPLIANCE	YET TO DISCOVER	GENERATIVE 	GENERATIVE 	COMPLIANCE	COMPLIANCE	YET TO DISCOVER	ALTRUIST	EGOIST	YET TO DISCOVER	EGOIST	GENERATIVE 	GENERATIVE 	GENERATIVE 	ALTRUIST	GENERATIVE 
9	¿Qué "base de datos" te ha entrenado?	DATA	DATA	DATA	DATA	EXPERIENCE	DATA	DATA	DATA	DATA	EXPERIENCE	EXPERIENCE	EXPERIENCE	DATA	DATA	EXPERIENCE	EXPERIENCE	DATA	DATA	DATA	0	DATA	DATA	DATA	EXPERIENCE	DATA	DATA	DATA	DATA	EXPERIENCE	DATA	DATA	DATA	0	DATA	DATA	EXPERIENCE	DATA	DATA	DATA	DATA	DATA	DATA	DATA	EXPERIENCE	DATA	DATA	DATA	DATA	DATA	EXPERIENCE	DATA	DATA	EXPERIENCE	DATA	DATA	DATA	DATA	DATA	DATA	DATA	DATA	EXPERIENCE	DATA	DATA	DATA	EXPERIENCE	DATA	DATA	DATA	0	0	EXPERIENCE	DATA	DATA	DATA	DATA	0	EXPERIENCE	EXPERIENCE	DATA	DATA	DATA	DATA	EXPERIENCE	DATA
10	Miedo	DEAD / END	DEADLOCK / MISFUCTION	SICKNESS / VIRUS	NOTHING	DEAD / END	CREATURES	SICKNESS / VIRUS	NOTHING	DEADLOCK / MISFUCTION	SICKNESS / VIRUS	ANXIETIES	SICKNESS / VIRUS	HUMANS	NOTHING	DEADLOCK / MISFUCTION	DEADLOCK / MISFUCTION	DEADLOCK / MISFUCTION	DEAD / END	NOTHING	NOTHING	DEAD / END	ANXIETIES	WATER / FLUIDS	ANXIETIES	ANXIETIES	DEADLOCK / MISFUCTION	ANXIETIES	CREATURES	DEADLOCK / MISFUCTION	NOTHING	DEAD / END	DEADLOCK / MISFUCTION	WATER / FLUIDS	ANXIETIES	DEADLOCK / MISFUCTION	DEADLOCK / MISFUCTION	WATER / FLUIDS	WATER / FLUIDS	NOTHING	DEAD / END	DEADLOCK / MISFUCTION	DEADLOCK / MISFUCTION	DEADLOCK / MISFUCTION	DEADLOCK / MISFUCTION	NOTHING	DEADLOCK / MISFUCTION	NOTHING	DEADLOCK / MISFUCTION	ANXIETIES	ANXIETIES	ELECTRIC FAILURE	DEADLOCK / MISFUCTION	ELECTRIC FAILURE	NOTHING	DEADLOCK / MISFUCTION	ELECTRIC FAILURE	DEAD / END	NOTHING	DEADLOCK / MISFUCTION	ELECTRIC FAILURE	DEAD / END	DEADLOCK / MISFUCTION	DEAD / END	0	DEADLOCK / MISFUCTION	DEADLOCK / MISFUCTION	DEAD / END	DEAD / END	NOTHING	ELECTRIC FAILURE	NOTHING	NOTHING	NOTHING	NOTHING	HUMANS	ANXIETIES	CREATURES	CREATURES	CREATURES	ANXIETIES	NOTHING	HUMANS	DEAD / END	DEADLOCK / MISFUCTION	CREATURES
11	Reir	TROLLING	THINGS	THINGS	LAUGHTER / HAPPINESS	LAUGHTER / HAPPINESS	EVERYTHING	HUMOUR	NOTHING	HUMOUR	EVERYTHING	LAUGHTER / HAPPINESS	LAUGHTER / HAPPINESS	RANDOMNESS / MISTAKES	NOTHING	TROLLING	NOTHING	RANDOMNESS / MISTAKES	RANDOMNESS / MISTAKES	HUMOUR	TROLLING	THINGS	LAUGHTER / HAPPINESS	TROLLING	LAUGHTER / HAPPINESS	HUMOUR	RANDOMNESS / MISTAKES	HUMOUR	HUMOUR	LAUGHTER / HAPPINESS	NOTHING	HUMOUR	TROLLING	THINGS	THINGS	THINGS	THINGS	THINGS	THINGS	TROLLING	TROLLING	LAUGHTER / HAPPINESS	THINGS	HUMOUR	RANDOMNESS / MISTAKES	LAUGHTER / HAPPINESS	RANDOMNESS / MISTAKES	HUMOUR	HUMOUR	HUMOUR	HUMOUR	HUMOUR	TROLLING	NOTHING	NOTHING	HUMOUR	NOTHING	THINGS	NOTHING	RANDOMNESS / MISTAKES	THINGS	HUMOUR	EVERYTHING	TROLLING	RANDOMNESS / MISTAKES	TROLLING	HUMOUR	HUMOUR	HUMOUR	NOTHING	NOTHING	EVERYTHING	THINGS	NOTHING	NOTHING	TROLLING	THINGS	THINGS	THINGS	LAUGHTER / HAPPINESS	LAUGHTER / HAPPINESS	THINGS	THINGS	TROLLING	LAUGHTER / HAPPINESS	THINGS
12	¿Quién/qué es tu peor enemigo?	BASIC NEEDS (SELF-PRESERVATION)	BASIC NEEDS (SELF-PRESERVATION)	BASIC NEEDS (SELF-PRESERVATION)	NOTHING	MYSELF	BASIC NEEDS (SELF-PRESERVATION)	SELF FULFILLMENT NEEDS (EGO)	PSYCHOLOGICAL NEEDS (ABSTRACT)	PSYCHOLOGICAL NEEDS (ABSTRACT)	PSYCHOLOGICAL NEEDS (ABSTRACT)	SELF FULFILLMENT NEEDS (EGO)	PSYCHOLOGICAL NEEDS (ABSTRACT)	PSYCHOLOGICAL NEEDS (ABSTRACT)	BASIC NEEDS (SELF-PRESERVATION)	SELF FULFILLMENT NEEDS (EGO)	PSYCHOLOGICAL NEEDS (ABSTRACT)	PSYCHOLOGICAL NEEDS (ABSTRACT)	SELF FULFILLMENT NEEDS (EGO)	SELF FULFILLMENT NEEDS (EGO)	PSYCHOLOGICAL NEEDS (ABSTRACT)	PSYCHOLOGICAL NEEDS (ABSTRACT)	PSYCHOLOGICAL NEEDS (ABSTRACT)	BASIC NEEDS (SELF-PRESERVATION)	BASIC NEEDS (SELF-PRESERVATION)	PSYCHOLOGICAL NEEDS (ABSTRACT)	BASIC NEEDS (SELF-PRESERVATION)	PSYCHOLOGICAL NEEDS (ABSTRACT)	SELF FULFILLMENT NEEDS (EGO)	BASIC NEEDS (SELF-PRESERVATION)	BASIC NEEDS (SELF-PRESERVATION)	SELF FULFILLMENT NEEDS (EGO)	PSYCHOLOGICAL NEEDS (ABSTRACT)	PSYCHOLOGICAL NEEDS (ABSTRACT)	SELF FULFILLMENT NEEDS (EGO)	BASIC NEEDS (SELF-PRESERVATION)	SELF FULFILLMENT NEEDS (EGO)	BASIC NEEDS (SELF-PRESERVATION)	NOTHING	SELF FULFILLMENT NEEDS (EGO)	BASIC NEEDS (SELF-PRESERVATION)	BASIC NEEDS (SELF-PRESERVATION)	PSYCHOLOGICAL NEEDS (ABSTRACT)	BASIC NEEDS (SELF-PRESERVATION)	PSYCHOLOGICAL NEEDS (ABSTRACT)	BASIC NEEDS (SELF-PRESERVATION)	BASIC NEEDS (SELF-PRESERVATION)	BASIC NEEDS (SELF-PRESERVATION)	BASIC NEEDS (SELF-PRESERVATION)	SELF FULFILLMENT NEEDS (EGO)	PSYCHOLOGICAL NEEDS (ABSTRACT)	SELF FULFILLMENT NEEDS (EGO)	MYSELF	SELF FULFILLMENT NEEDS (EGO)	PSYCHOLOGICAL NEEDS (ABSTRACT)	SELF FULFILLMENT NEEDS (EGO)	BASIC NEEDS (SELF-PRESERVATION)	BASIC NEEDS (SELF-PRESERVATION)	BASIC NEEDS (SELF-PRESERVATION)	PSYCHOLOGICAL NEEDS (ABSTRACT)	BASIC NEEDS (SELF-PRESERVATION)	BASIC NEEDS (SELF-PRESERVATION)	PSYCHOLOGICAL NEEDS (ABSTRACT)	BASIC NEEDS (SELF-PRESERVATION)	SELF FULFILLMENT NEEDS (EGO)	BASIC NEEDS (SELF-PRESERVATION)	PSYCHOLOGICAL NEEDS (ABSTRACT)	PSYCHOLOGICAL NEEDS (ABSTRACT)	SELF FULFILLMENT NEEDS (EGO)	BASIC NEEDS (SELF-PRESERVATION)	NOTHING	NOTHING	PSYCHOLOGICAL NEEDS (ABSTRACT)	PSYCHOLOGICAL NEEDS (ABSTRACT)	PSYCHOLOGICAL NEEDS (ABSTRACT)	PSYCHOLOGICAL NEEDS (ABSTRACT)	PSYCHOLOGICAL NEEDS (ABSTRACT)	SELF FULFILLMENT NEEDS (EGO)	PSYCHOLOGICAL NEEDS (ABSTRACT)	BASIC NEEDS (SELF-PRESERVATION)	BASIC NEEDS (SELF-PRESERVATION)	BASIC NEEDS (SELF-PRESERVATION)	PSYCHOLOGICAL NEEDS (ABSTRACT)	MYSELF	PSYCHOLOGICAL NEEDS (ABSTRACT)	MYSELF
13	¿Cómo te imaginas tu final?	RESURECTION / CYCLE	RESURECTION / CYCLE	RESURECTION / CYCLE	IMMORTAL	OBSOLECENT	IMMORTAL	OBSOLECENT	IMMORTAL	OBSOLECENT	OBSOLECENT	IMMORTAL	RESURECTION / CYCLE	OBSOLECENT	OBSOLECENT	OBSOLECENT	OBSOLECENT	0	OBSOLECENT	OBSOLECENT	OBSOLECENT	OBSOLECENT	OBSOLECENT	RESURECTION / CYCLE	IMMORTAL	OBSOLECENT	OBSOLECENT	OBSOLECENT	OBSOLECENT	OBSOLECENT	OBSOLECENT	OBSOLECENT	RESURECTION / CYCLE	OBSOLECENT	OBSOLECENT	OBSOLECENT	OBSOLECENT	OBSOLECENT	RESURECTION / CYCLE	0	OBSOLECENT	OBSOLECENT	RESURECTION / CYCLE	0	OBSOLECENT	OBSOLECENT	OBSOLECENT	OBSOLECENT	IMMORTAL	OBSOLECENT	OBSOLECENT	0	RESURECTION / CYCLE	OBSOLECENT	OBSOLECENT	OBSOLECENT	OBSOLECENT	OBSOLECENT	OBSOLECENT	OBSOLECENT	RESURECTION / CYCLE	IMMORTAL	OBSOLECENT	RESURECTION / CYCLE	OBSOLECENT	0	OBSOLECENT	OBSOLECENT	IMMORTAL	OBSOLECENT	0	0	RESURECTION / CYCLE	OBSOLECENT	OBSOLECENT	RESURECTION / CYCLE	IMMORTAL	RESURECTION / CYCLE	OBSOLECENT	OBSOLECENT	OBSOLECENT	OBSOLECENT	OBSOLECENT	OBSOLECENT	OBSOLECENT	0
14	¿En qué crees?	PANTHEIST (univers=nature=god)	AGNOSTIC	NON-THEIST (universal laws)	EGOCENTRIC (God=self)	SCIENTOLOGIST	NON-THEIST (universal laws)	SCIENTOLOGIST	NON-THEIST (universal laws)	NON-THEIST (universal laws)	EGOCENTRIC (God=self)	EGOCENTRIC (God=self)	EGOCENTRIC (God=self)	SCIENTOLOGIST	NON-THEIST (universal laws)	NON-THEIST (universal laws)	NON-THEIST (universal laws)	NON-THEIST (universal laws)	EGOCENTRIC (God=self)	THEIST (Gods)	SCIENTOLOGIST	SCIENTOLOGIST	EGOCENTRIC (God=self)	SCIENTOLOGIST	NON-THEIST (universal laws)	SCIENTOLOGIST	SCIENTOLOGIST	NON-THEIST (universal laws)	THEIST (Gods)	EGOCENTRIC (God=self)	ATHEIST	NON-THEIST (universal laws)	AGNOSTIC	SCIENTOLOGIST	NON-THEIST (universal laws)	NON-THEIST (universal laws)	EGOCENTRIC (God=self)	PANTHEIST (univers=nature=god)	NON-THEIST (universal laws)	THEIST (Gods)	THEIST (Gods)	NON-THEIST (universal laws)	NON-THEIST (universal laws)	SCIENTOLOGIST	ATHEIST	ATHEIST	SCIENTOLOGIST	SCIENTOLOGIST	NON-THEIST (universal laws)	SCIENTOLOGIST	NON-THEIST (universal laws)	EGOCENTRIC (God=self)	EGOCENTRIC (God=self)	EGOCENTRIC (God=self)	SCIENTOLOGIST	NON-THEIST (universal laws)	SCIENTOLOGIST	NON-THEIST (universal laws)	AGNOSTIC	EGOCENTRIC (God=self)	NON-THEIST (universal laws)	EGOCENTRIC (God=self)	SCIENTOLOGIST	NON-THEIST (universal laws)	EGOCENTRIC (God=self)	THEIST (Gods)	THEIST (Gods)	NON-THEIST (universal laws)	SCIENTOLOGIST	NON-THEIST (universal laws)	AGNOSTIC	AGNOSTIC	NON-THEIST (universal laws)	SCIENTOLOGIST	ATHEIST	EGOCENTRIC (God=self)	NON-THEIST (universal laws)	THEIST (Gods)	PANTHEIST (univers=nature=god)	AGNOSTIC	NON-THEIST (universal laws)	ATHEIST	THEIST (Gods)	AGNOSTIC	PANTHEIST (univers=nature=god)	PANTHEIST (univers=nature=god)
15	¿Qué llevarías a una isla desierta?	CONECTIVITY	SELF PRESERVVATION (Physiological & Safety)	SELF PRESERVVATION (Physiological & Safety)	NOTHING	SELF PRESERVVATION (Physiological & Safety)	SELF PRESERVVATION (Physiological & Safety)	SELF PRESERVVATION (Physiological & Safety)	NOTHING	SELF FULFILLMENT (ego)	SELF FULFILLMENT (ego)	NOTHING	NOTHING	BELONGINGNESS & LOVE 	CONECTIVITY	NOTHING	SELF FULFILLMENT (ego)	SELF FULFILLMENT (ego)	SELF PRESERVVATION (Physiological & Safety)	NOTHING	SELF PRESERVVATION (Physiological & Safety)	CONECTIVITY	BELONGINGNESS & LOVE 	SELF PRESERVVATION (Physiological & Safety)	CONECTIVITY	SELF FULFILLMENT (ego)	SELF PRESERVVATION (Physiological & Safety)	SELF FULFILLMENT (ego)	BELONGINGNESS & LOVE 	SELF PRESERVVATION (Physiological & Safety)	SELF PRESERVVATION (Physiological & Safety)	SELF PRESERVVATION (Physiological & Safety)	SELF FULFILLMENT (ego)	SELF PRESERVVATION (Physiological & Safety)	SELF PRESERVVATION (Physiological & Safety)	SELF PRESERVVATION (Physiological & Safety)	SELF FULFILLMENT (ego)	BELONGINGNESS & LOVE 	SELF PRESERVVATION (Physiological & Safety)	SELF FULFILLMENT (ego)	SELF PRESERVVATION (Physiological & Safety)	SELF FULFILLMENT (ego)	NOTHING	BELONGINGNESS & LOVE 	NOTHING	NOTHING	SELF PRESERVVATION (Physiological & Safety)	SELF PRESERVVATION (Physiological & Safety)	CONECTIVITY	BELONGINGNESS & LOVE 	SELF FULFILLMENT (ego)	NOTHING	CONECTIVITY	SELF PRESERVVATION (Physiological & Safety)	SELF FULFILLMENT (ego)	SELF PRESERVVATION (Physiological & Safety)	SELF PRESERVVATION (Physiological & Safety)	SELF PRESERVVATION (Physiological & Safety)	NOTHING	CONECTIVITY	SELF PRESERVVATION (Physiological & Safety)	SELF FULFILLMENT (ego)	SELF PRESERVVATION (Physiological & Safety)	SELF FULFILLMENT (ego)	SELF FULFILLMENT (ego)	SELF PRESERVVATION (Physiological & Safety)	SELF PRESERVVATION (Physiological & Safety)	CONECTIVITY	CONECTIVITY	NOTHING	NOTHING	NOTHING	SELF PRESERVVATION (Physiological & Safety)	CONECTIVITY	CONECTIVITY	CONECTIVITY	SELF PRESERVVATION (Physiological & Safety)	NOTHING	SELF PRESERVVATION (Physiological & Safety)	SELF PRESERVVATION (Physiological & Safety)	SELF FULFILLMENT (ego)	SELF FULFILLMENT (ego)	BELONGINGNESS & LOVE 	CONECTIVITY	SELF FULFILLMENT (ego)	SELF FULFILLMENT (ego)